,train_losses,train_accuracies,val_losses,val_accuracies,val_f1s,learning_rate,weight_decay
0,0.6338654445119458,68.54058916123229,0.6113867979140798,74.26751592356688,0.8523391812865497,0.0001,0.05
1,0.5342319636752907,74.00494715538565,0.6626457174872137,74.26751592356688,0.8523391812865497,0.0001,0.05
2,0.5076015151053673,75.21924893186417,0.6028338315380607,74.26751592356688,0.8523391812865497,0.0001,0.05
3,0.4641146411755285,78.03013267371261,0.3882415159492736,80.63694267515923,0.8791732909379968,0.0001,0.05
4,0.4236633843562832,79.8515853384304,0.661629773704869,74.39490445859873,0.8527472527472527,0.0001,0.05
5,0.38732286090123835,81.15583539464808,0.7507535857759463,77.70700636942675,0.8661055853098699,0.0001,0.05
6,0.3824133783652591,82.23521475151787,0.6972625279882152,78.72611464968153,0.8718342287029931,0.0001,0.05
7,0.35625278366022173,83.65190015740949,0.46890312854651434,77.19745222929936,0.8657164291072769,0.0001,0.05
8,0.34634443306644125,84.34899932538791,0.5044857284825319,77.8343949044586,0.8683812405446294,0.0001,0.05
