,precision,recall,f1-score,support
Normal,0.9844961240310077,0.5427350427350427,0.699724517906336,234.0
Pneumonia,0.7838383838383839,0.9948717948717949,0.8768361581920904,390.0
accuracy,0.8253205128205128,0.8253205128205128,0.8253205128205128,0.8253205128205128
macro avg,0.8841672539346959,0.7688034188034187,0.7882803380492132,624.0
weighted avg,0.859085036410618,0.8253205128205128,0.8104192930849325,624.0
