,precision,recall,f1-score,support
Normal,0.9829059829059829,0.49145299145299143,0.6552706552706553,234.0
Pneumonia,0.7652859960552268,0.9948717948717949,0.8651059085841695,390.0
accuracy,0.8060897435897436,0.8060897435897436,0.8060897435897436,0.8060897435897436
macro avg,0.8740959894806049,0.7431623931623932,0.7601882819274124,624.0
weighted avg,0.8468934911242604,0.8060897435897436,0.7864176885916018,624.0
