,precision,recall,f1-score,support
Normal,0.8928571428571429,0.32051282051282054,0.4716981132075472,234.0
Pneumonia,0.7055555555555556,0.9769230769230769,0.8193548387096774,390.0
accuracy,0.7307692307692307,0.7307692307692307,0.7307692307692307,0.7307692307692307
macro avg,0.7992063492063493,0.6487179487179487,0.6455264759586123,624.0
weighted avg,0.7757936507936508,0.7307692307692307,0.6889835666463786,624.0
