,precision,recall,f1-score,support
Normal,0.8648648648648649,0.41025641025641024,0.5565217391304348,234.0
Pneumonia,0.7309941520467836,0.9615384615384616,0.8305647840531561,390.0
accuracy,0.7548076923076923,0.7548076923076923,0.7548076923076923,0.7548076923076923
macro avg,0.7979295084558242,0.6858974358974359,0.6935432615917955,624.0
weighted avg,0.7811956693535641,0.7548076923076923,0.7277986422071356,624.0
