,precision,recall,f1-score,support
Normal,0.8852459016393442,0.23076923076923078,0.36610169491525424,234.0
Pneumonia,0.6802841918294849,0.982051282051282,0.8037775445960126,390.0
accuracy,0.7003205128205128,0.7003205128205128,0.7003205128205128,0.7003205128205128
macro avg,0.7827650467344145,0.6064102564102564,0.5849396197556334,624.0
weighted avg,0.7571448330081821,0.7003205128205128,0.6396491009657281,624.0
