,precision,recall,f1-score,support
Normal,0.8484848484848485,0.358974358974359,0.5045045045045045,234.0
Pneumonia,0.7142857142857143,0.9615384615384616,0.819672131147541,390.0
accuracy,0.7355769230769231,0.7355769230769231,0.7355769230769231,0.7355769230769231
macro avg,0.7813852813852814,0.6602564102564102,0.6620883178260227,624.0
weighted avg,0.7646103896103896,0.7355769230769231,0.7014842711564023,624.0
